bx1	GO:0000162
bx1	GO:0002213
bx1	GO:0042432
mpk2	GO:0000302
mpk2	GO:0009742
crs1	GO:0000373
crs2	GO:0000373
gams1	GO:0000775
afd1	GO:0000800
add1	GO:0000913
dcd1	GO:0000913
cr4	GO:0001709
dek1	GO:0001709
sal1	GO:0001709
an1	GO:0001763
an1	GO:0009686
kn1	GO:0001763
kn1	GO:0010073
tb1	GO:0001763
bx10	GO:0002213
bx10	GO:0044550
bx11	GO:0002213
bx11	GO:0044550
bx12	GO:0002213
bx12	GO:0044550
bx2	GO:0002213
bx2	GO:0044550
bx3	GO:0002213
bx3	GO:0044550
bx4	GO:0002213
bx4	GO:0044550
bx5	GO:0002213
bx5	GO:0044550
pr1	GO:0002213
pr1	GO:0051559
id1	GO:0003677
am1	GO:0003682
crp1	GO:0003729
ppr5	GO:0003723
crs1	GO:0003729
ppr152	GO:0003730
ppr152	GO:0048027
ae1	GO:0003844
sbe3	GO:0003844
bf1	GO:0004048
bf1	GO:0004049
hm1	GO:0004090
bm4	GO:0004326
pro1	GO:0004349
pro1	GO:0004350
bz2	GO:0004364
cf1	GO:0004418
bm2	GO:0004489
de18	GO:0004499
bif2	GO:0004672
cyc8	GO:0004672
snrkII8	GO:0004672
ccamk1	GO:0004683
tsa1	GO:0004834
tsa1	GO:0033984
les22	GO:0004853
fl2	GO:0045735
pho1	GO:0008184
am1	GO:0005634
bif2	GO:0005634
ccamk1	GO:0005634
ccamk1	GO:0005737
ccamk1	GO:0005886
cyc8	GO:0005634
cyc8	GO:0005829
cyc8	GO:0009524
d8	GO:0005634
d9	GO:0005634
grf1	GO:0005634
grf1	GO:0005769
grf1	GO:0005829
hsp101	GO:0005634
nactf49	GO:0005634
o2	GO:0005634
rack1	GO:0005634
rack1	GO:0005737
rack1	GO:0005886
snrkII8	GO:0005634
why1	GO:0005634
why1	GO:0042646
et1	GO:0005667
et1	GO:0009507
txln1	GO:0005737
mcf1	GO:0005739
mcf2	GO:0005739
cr4	GO:0005768
cr4	GO:0005886
dek1	GO:0005768
dek1	GO:0005886
sal1	GO:0005768
bz2	GO:0005773
bx2	GO:0005783
bx3	GO:0005783
bx4	GO:0005783
bx5	GO:0005783
phot1	GO:0005783
fl2	GO:0005783
fl2	GO:0042735
fl4	GO:0005783
hk1	GO:0005783
ckx10	GO:0005829
pro1	GO:0005829
tsah1	GO:0005829
pmpm3	GO:0005886
ct2	GO:0005886
dsc1	GO:0005886
dsc1	GO:0032588
nac1	GO:0005886
pmpm2	GO:0005886
pmpm4	GO:0005886
pmpm5	GO:0005886
pmpm6	GO:0005886
pmpm7	GO:0005886
pmpm8	GO:0005886
sut1	GO:0005886
pox1	GO:0005887
pox2	GO:0005887
pox3	GO:0005887
sbe3	GO:0005982
sbe3	GO:0010150
nactf49	GO:0006351
nactf49	GO:0009409
nactf49	GO:0009737
nactf49	GO:0042631
nactf49	GO:1902074
am1	GO:0006355
am1	GO:0007140
am1	GO:0048653
pro1	GO:0006561
cf1	GO:0006783
cf1	GO:0015995
les22	GO:0006783
les22	GO:0015995
ys1	GO:0006826
tha5	GO:0006886
rack1	GO:0006968
rack1	GO:0009620
afd1	GO:0007127
brd1	GO:0007530
brd1	GO:0016132
brd1	GO:0040007
brd1	GO:0048730
bx7	GO:0008168
dwil1	GO:0008360
dwil1	GO:0008361
de18	GO:0008361
de18	GO:0009850
de18	GO:0009960
de18	GO:0010342
de18	GO:0032875
pebp8	GO:0008429
so1	GO:0008482
sut1	GO:0008515
pyrr1	GO:0008703
pyrd1	GO:0008835
dps1	GO:0008840
bt2	GO:0008878
sh2	GO:0008878
du1	GO:0009011
dps1	GO:0009085
pyrd1	GO:0009231
pyrr1	GO:0009231
hsp101	GO:0009408
hsp101	GO:0045926
hsp101	GO:2000280
nac1	GO:0009409
nac1	GO:0009414
nac1	GO:0009737
nac1	GO:0050801
nac1	GO:1902075
pmpm2	GO:0009409
pmpm2	GO:0009414
pmpm2	GO:0009737
pmpm2	GO:0050801
pmpm2	GO:1902075
pmpm3	GO:0009409
pmpm3	GO:0009414
pmpm3	GO:0009737
pmpm3	GO:0050801
pmpm3	GO:1902075
pmpm4	GO:0009409
pmpm4	GO:0009414
pmpm4	GO:0009737
pmpm4	GO:0050801
pmpm4	GO:1902075
pmpm5	GO:0009409
pmpm5	GO:0009414
pmpm5	GO:0009737
pmpm5	GO:0050801
pmpm5	GO:1902075
pmpm6	GO:0009409
pmpm6	GO:0009414
pmpm6	GO:0009737
pmpm6	GO:1902075
pmpm7	GO:0009409
pmpm7	GO:0009414
pmpm7	GO:0009737
pmpm7	GO:0050801
pmpm7	GO:1902075
pmpm8	GO:0009409
pmpm8	GO:0009414
pmpm8	GO:0009737
pmpm8	GO:0050801
pmpm8	GO:1902075
grf1	GO:0009414
grf1	GO:0009620
grf1	GO:1902074
nactf23	GO:0009414
nactf23	GO:0009620
nactf23	GO:0009751
nactf23	GO:0009753
nactf23	GO:0010150
nactf23	GO:1902074
nactf70	GO:0009414
nactf70	GO:0009620
nactf70	GO:0009751
nactf70	GO:0009753
nactf70	GO:0010150
nactf70	GO:1902074
ppck1	GO:0009416
pho1	GO:0009501
pan1	GO:0009504
bsd2	GO:0009507
bsd2	GO:0009532
emb2	GO:0009507
crp1	GO:0042646
emb17	GO:0009536
pyrd1	GO:0009532
pyrr1	GO:0009536
tsa1	GO:0009536
hcf60	GO:0009547
ig1	GO:0009553
ig1	GO:0009944
ig1	GO:0048366
ig1	GO:0051090
gams1	GO:0009556
crs2	GO:0009570
crs2	GO:0042646
add1	GO:0009574
dcd1	GO:0009574
pox1	GO:0009611
pox1	GO:0071226
pox1	GO:0071395
pox1	GO:0071446
pox2	GO:0009611
pox2	GO:0071226
pox2	GO:0071395
pox2	GO:0071446
pox3	GO:0009611
pox3	GO:0071226
pox3	GO:0071395
pox3	GO:0071446
hm1	GO:0009620
hm2	GO:0009620
gst27	GO:0009635
gsht1	GO:0009635
mrpa1	GO:0009635
na1	GO:0009647
na1	GO:0009826
na1	GO:0009965
na1	GO:0016132
na1	GO:0030238
na1	GO:0040014
na1	GO:0048444
d1	GO:0009686
d1	GO:0090214
d3	GO:0009686
a1	GO:0009718
bz2	GO:0009718
chi1	GO:0009718
c2	GO:0009718
c2	GO:0009846
c2	GO:0051555
abph1	GO:0009734
abph1	GO:0009736
abph1	GO:0010016
abph1	GO:0060772
abph1	GO:1902182
abph1	GO:2000012
pin1	GO:0009736
dsc1	GO:0009790
dsc1	GO:0009960
emb14	GO:0009790
emb14	GO:0070925
emb17	GO:0009790
emb17	GO:0032544
emb18	GO:0048598
emb2	GO:0009790
emb2	GO:0010239
emb2	GO:0042793
why1	GO:0009790
why1	GO:0009960
why1	GO:0070925
bm1	GO:0009809
bm2	GO:0009809
bm3	GO:0009809
bm4	GO:0009809
bz1	GO:0009813
whp1	GO:0009846
whp1	GO:0051555
an1	GO:0009905
pebp8	GO:0009911
tdy2	GO:0009915
tdy2	GO:0010051
tdy2	GO:0010497
fl2	GO:0009960
fl2	GO:0017038
bd1	GO:0010014
bd1	GO:0048282
asc1	GO:0010087
asc1	GO:0010375
asc1	GO:0048281
asc1	GO:0048366
ccd8	GO:0010016
ccd8	GO:0010311
ccd8	GO:1901601
clpp2	GO:0010027
v30	GO:0010027
so1	GO:0010035
rum1	GO:0010051
rum1	GO:0048364
ct2	GO:0010075
ct2	GO:0010150
ct2	GO:0071472
br2	GO:0010087
br2	GO:2000024
snrkII8	GO:0010148
snrkII8	GO:0050821
bif2	GO:0010229
bif2	GO:0046777
bif2	GO:2000012
cg1	GO:0010229
cg1	GO:0010321
cg1	GO:0060964
gras58	GO:0010305
br2	GO:0010329
bde1	GO:0010451
bde1	GO:0048437
zag1	GO:0010451
zag1	GO:0048437
c1	GO:0010468
c1	GO:0031540
fht1	GO:0010468
myb2	GO:0010468
myb2	GO:0031540
myb38	GO:0010468
txln1	GO:0010621
txln1	GO:1900181
p2	GO:0010628
bt1	GO:0015217
mcf1	GO:0015880
mcf2	GO:0015880
oy1	GO:0015995
crp4	GO:0016070
ptac12	GO:0016070
c2	GO:0016210
fat2	GO:0016297
oy1	GO:0016851
ckx10	GO:0019139
ae1	GO:0019252
bt2	GO:0019252
du1	GO:0019252
sh2	GO:0019252
sbe1	GO:0019252
pho1	GO:0019252
fat2	GO:0019432
id1	GO:0023052
id1	GO:0048510
brk1	GO:0030010
brk1	GO:0048730
hcf60	GO:0032544
g2	GO:0033043
sxd1	GO:0033231
tdy1	GO:0033231
fl4	GO:0033365
dvr1	GO:0033728
bip3	GO:0034976
bzip60	GO:0034976
bx2	GO:0036190
bx3	GO:0036191
bx4	GO:0036192
bx5	GO:0036193
ccamk1	GO:0042542
ccamk1	GO:0071215
ccamk1	GO:0071731
hex2	GO:0042631
hex2	GO:0070417
hex2	GO:1902075
hex5	GO:0042631
hex5	GO:0070417
hex5	GO:1902075
et1	GO:0042793
baf1	GO:0042803
baf1	GO:0046982
ppr5	GO:0043489
txln1	GO:0043522
hcf106c	GO:0043953
hk1	GO:0044373
hk2	GO:0044373
hk3	GO:0044373
bx7	GO:0044550
bx8	GO:0044550
bx8	GO:0070085
bx9	GO:0044550
bx9	GO:0070085
chi1	GO:0045430
bm1	GO:0045551
a1	GO:0045552
fl4	GO:0045735
bt1	GO:0046323
bt1	GO:0051775
bx10	GO:0047254
bx11	GO:0047254
bx12	GO:0047254
bm3	GO:0047763
bz1	GO:0047893
cko1	GO:0048046
l15	GO:0048255
ppr152	GO:0048255
gt1	GO:0048281
gt1	GO:0048832
baf1	GO:0048437
baf1	GO:0048859
baf1	GO:0090506
d9	GO:0048831
d9	GO:2000028
rs2	GO:0051090
gpm46	GO:0051775
rboh1	GO:0071367
rboh2	GO:0071367
rboh3	GO:0071367
rboh4	GO:0071367
phot1	GO:0071483
hcf106	GO:0071806
tha1	GO:0071806
ba1	GO:0090506
pan2	GO:2000038
GRMZM2G300066	GO:0009536
GRMZM2G049370	GO:0031361
GRMZM2G106233	GO:0042646
GRMZM2G111014	GO:0009536
GRMZM2G092678	GO:0031353
GRMZM2G123204	GO:0009532
GRMZM2G024150	GO:0035451
GRMZM2G175019	GO:0009536
GRMZM2G427369	GO:0031361
GRMZM2G013652	GO:0009532
AC186795.3_FG006	GO:0009536
GRMZM2G164558	GO:0031361
GRMZM2G043162	GO:0035451
GRMZM2G448174	GO:0031361
GRMZM2G133844	GO:0042651
GRMZM2G131489	GO:0031361
GRMZM2G178960	GO:0009532
GRMZM2G336908	GO:0009536
GRMZM2G469150	GO:0009532
GRMZM2G473463	GO:0009526
GRMZM2G010555	GO:0031361
GRMZM2G380457	GO:0031361
GRMZM2G170460	GO:0042651
GRMZM2G178460	GO:0031353
GRMZM2G110023	GO:0009532
GRMZM2G005984	GO:0035450
AC234528.1_FG005	GO:0009532
GRMZM2G157369	GO:0010287
GRMZM2G081268	GO:0009532
GRMZM2G454719	GO:0009536
GRMZM2G179797	GO:0009532
GRMZM2G161932	GO:0009536
GRMZM2G007651	GO:0009532
GRMZM2G111216	GO:0009532
GRMZM2G121494	GO:0035451
GRMZM2G377539	GO:0042646
GRMZM2G314652	GO:0009536
GRMZM2G133314	GO:0009536
GRMZM2G463280	GO:0009532
GRMZM2G148867	GO:0009532
AC188023.3_FG005	GO:0009536
GRMZM2G089317	GO:0009532
GRMZM2G110294	GO:0009536
GRMZM2G048907	GO:0035451
GRMZM2G002754	GO:0009536
GRMZM2G073743	GO:0042651
GRMZM2G155626	GO:0009536
GRMZM2G167243	GO:0009532
GRMZM2G046681	GO:0031353
imd3	GO:0009532
dct1	GO:0031353
pza00152	GO:0031361
pzb01308	GO:0009536
l15	GO:0042646
cpx2	GO:0009532
ij1	GO:0009532
cah2	GO:0009532
glct1	GO:0031353
ae1	GO:0009532
bx1	GO:0009532
mterf18	GO:0042646
me5	GO:0009532
GRMZM2G118597	GO:0009536
GRMZM2G034120	GO:0009536
GRMZM2G009223	GO:0031353
GRMZM2G368902	GO:0009532
GRMZM2G128850	GO:0009536
GRMZM2G124466	GO:0010287
GRMZM2G064993	GO:0009536
GRMZM2G074599	GO:0042646
GRMZM2G028216	GO:0009547
GRMZM2G035708	GO:0035450
GRMZM2G095082	GO:0042651
GRMZM2G012174	GO:0042646
GRMZM2G025855	GO:0009547
GRMZM2G375064	GO:0009536
GRMZM2G048497	GO:0009532
GRMZM2G129208	GO:0009532
GRMZM2G115077	GO:0009532
GRMZM2G124059	GO:0009532
GRMZM2G399890	GO:0009536
GRMZM2G083716	GO:0009532
cah3	GO:0009532
GRMZM2G076771	GO:0042646
AC199526.5_FG004	GO:0042646
GRMZM2G067225	GO:0010287
GRMZM2G162764	GO:0042646
GRMZM2G120300	GO:0009532
GRMZM2G132593	GO:0009536
GRMZM2G049892	GO:0009532
GRMZM2G119471	GO:0009547
GRMZM2G149383	GO:0009536
GRMZM2G175867	GO:0042646
GRMZM2G132811	GO:0009536
GRMZM2G101698	GO:0009536
GRMZM2G068862	GO:0009532
AC194970.5_FG001	GO:0009532
GRMZM2G361569	GO:0009547
GRMZM2G040561	GO:0009536
GRMZM2G129155	GO:0009528
GRMZM2G173628	GO:0009536
GRMZM2G043819	GO:0009536
fad7	GO:0031353
GRMZM2G022563	GO:0009532
GRMZM2G110277	GO:0042651
GRMZM2G057231	GO:0009532
GRMZM2G021617	GO:0035450
GRMZM2G049547	GO:0031361
GRMZM2G112728	GO:0009532
GRMZM2G061990	GO:0009532
GRMZM2G433025	GO:0009536
GRMZM2G054076	GO:0042646
ppp1	GO:0009532
GRMZM2G139123	GO:0009532
GRMZM2G120530	GO:0031353
GRMZM2G077531	GO:0098570
GRMZM2G396212	GO:0009536
GRMZM2G010196	GO:0009536
GRMZM2G019437	GO:0009536
GRMZM2G024686	GO:0009532
GRMZM2G072653	GO:0010287
GRMZM2G017853	GO:0009532
GRMZM2G020096	GO:0009532
GRMZM2G044697	GO:0031361
GRMZM2G050371	GO:0009532
GRMZM2G050596	GO:0009536
GRMZM2G109526	GO:0009532
GRMZM2G005774	GO:0031361
GRMZM2G040970	GO:0042646
AC203966.5_FG002	GO:0031361
AC191009.3_FG004	GO:0009536
GRMZM2G105791	GO:0009532
GRMZM2G440746	GO:0042646
GRMZM2G076257	GO:0042646
GRMZM2G047419	GO:0009532
GRMZM2G426467	GO:0009536
GRMZM2G440349	GO:0042646
GRMZM2G085153	GO:0009532
GRMZM2G156356	GO:0031353
GRMZM2G328908	GO:0009536
GRMZM2G059083	GO:0035451
GRMZM2G164547	GO:0009536
GRMZM2G038519	GO:0031361
GRMZM2G050961	GO:0009532
GRMZM2G156937	GO:0042646
GRMZM2G033653	GO:0009536
GRMZM2G111756	GO:0009532
AC210013.4_FG016	GO:0009536
bt2	GO:0009532
pzb00752	GO:0009536
sig2	GO:0009536
fgs1	GO:0009532
GRMZM2G066496	GO:0009532
GRMZM2G006121	GO:0009536
pza03069	GO:0031361
GRMZM2G002807	GO:0009532
GRMZM2G072041	GO:0009532
GRMZM2G102167	GO:0009532
GRMZM2G047219	GO:0009532
GRMZM2G075074	GO:0042651
GRMZM2G373175	GO:0042646
GRMZM2G014397	GO:0009536
GRMZM2G151125	GO:0009536
GRMZM2G046092	GO:0031361
GRMZM2G032348	GO:0009532
GRMZM2G084928	GO:0042646
GRMZM2G103047	GO:0031353
GRMZM2G315806	GO:0009536
GRMZM2G097282	GO:0042646
GRMZM2G139512	GO:0098570
GRMZM2G415793	GO:0009536
GRMZM2G074040	GO:0010287
GRMZM2G170870	GO:0009547
GRMZM2G003318	GO:0010287
GRMZM2G150796	GO:0009532
GRMZM2G156516	GO:0009532
GRMZM2G036880	GO:0031361
GRMZM2G015024	GO:0009547
pyrd1-merge	GO:0009536
aoc1	GO:0009536
GRMZM2G103315	GO:0042646
AC194734.3_FG004	GO:0031361
GRMZM2G099696	GO:0009532
GRMZM2G089507	GO:0009536
GRMZM2G038848	GO:0009532
GRMZM2G018771	GO:0009536
GRMZM2G438524	GO:0042646
GRMZM2G072865	GO:0009536
GRMZM2G123794	GO:0031361
GRMZM2G132640	GO:0009536
GRMZM2G177508	GO:0031361
GRMZM2G310465	GO:0009532
GRMZM2G376661	GO:0010287
GRMZM2G058948	GO:0009536
GRMZM2G061876	GO:0009532
GRMZM2G045049	GO:0009536
GRMZM2G013478	GO:0009532
GRMZM2G026024	GO:0009532
GRMZM2G093815	GO:0009536
GRMZM2G042253	GO:0009532
GRMZM2G011858	GO:0009536
GRMZM2G122563	GO:0009532
GRMZM2G003875	GO:0009532
GRMZM2G073351	GO:0035451
GRMZM2G101547	GO:0009528
GRMZM2G042080	GO:0009532
GRMZM2G130062	GO:0009532
GRMZM2G175818	GO:0009536
GRMZM2G174716	GO:0009536
GRMZM2G010801	GO:0009536
GRMZM2G032266	GO:0009532
GRMZM2G132506	GO:0035450
GRMZM2G436986	GO:0035450
GRMZM2G175447	GO:0009536
GRMZM2G157296	GO:0042651
GRMZM2G031028	GO:0010287
GRMZM2G048836	GO:0031361
GRMZM2G072280	GO:0031361
GRMZM2G163072	GO:0042646
GRMZM2G074393	GO:0042651
GRMZM2G158059	GO:0009547
GRMZM2G162672	GO:0042651
GRMZM2G436328	GO:0009536
GRMZM2G153296	GO:0031353
GRMZM2G169320	GO:0009536
GRMZM2G427444	GO:0009532
GRMZM2G052610	GO:0042651
GRMZM2G103897	GO:0042646
GRMZM2G163988	GO:0009547
GRMZM2G371944	GO:0010287
GRMZM2G063473	GO:0042646
GRMZM2G407996	GO:0009532
GRMZM2G033098	GO:0010287
GRMZM2G104168	GO:0009532
GRMZM2G055717	GO:0009526
GRMZM2G078324	GO:0009536
GRMZM2G091715	GO:0009536
GRMZM2G023906	GO:0009536
GRMZM2G023504	GO:0009536
GRMZM2G003109	GO:0009532
GRMZM2G056424	GO:0035450
AC182617.3_FG001	GO:0009532
GRMZM2G105466	GO:0009536
GRMZM2G039841	GO:0042651
GRMZM2G305851	GO:0031353
GRMZM2G174738	GO:0031353
GRMZM2G010406	GO:0009532
GRMZM2G051403	GO:0009536
GRMZM2G093291	GO:0042646
AC196066.3_FG004	GO:0009536
AC147602.5_FG004	GO:0009532
ans2	GO:0009532
farl4	GO:0009536
pza02423	GO:0009536
emb14	GO:0009532
me2	GO:0009532
psa2	GO:0009536
rca3	GO:0009532
du1	GO:0009532
crp4	GO:0042646
ssu1	GO:0009532
mterf23	GO:0042646
hds1	GO:0009532
GRMZM2G020627	GO:0010287
GRMZM2G070723	GO:0009536
GRMZM2G145256	GO:0009527
GRMZM2G003157	GO:0009532
GRMZM2G043948	GO:0009536
pdk2	GO:0009532
GRMZM2G049432	GO:0031361
GRMZM2G059252	GO:0042651
GRMZM2G142690	GO:0010287
GRMZM2G158595	GO:0009532
GRMZM2G002165	GO:0042651
GRMZM2G058659	GO:0009532
GRMZM2G051270	GO:0009532
GRMZM2G106119	GO:0009536
GRMZM2G701801	GO:0009532
AC211737.3_FG012	GO:0009532
GRMZM2G128072	GO:0009532
GRMZM2G311961	GO:0009536
GRMZM2G448446	GO:0009532
GRMZM2G113267	GO:0042646
GRMZM2G317451	GO:0009536
AC205677.3_FG005	GO:0042646
GRMZM2G163407	GO:0042651
GRMZM2G042061	GO:0009547
GRMZM2G150030	GO:0042646
GRMZM2G054149	GO:0009547
GRMZM2G319537	GO:0009547
GRMZM2G071423	GO:0031353
GRMZM2G104549	GO:0031361
GRMZM2G103250	GO:0042646
GRMZM2G061442	GO:0009536
GRMZM2G027640	GO:0031361
zep1	GO:0042651
GRMZM2G107402	GO:0009532
GRMZM2G072174	GO:0035450
GRMZM2G048591	GO:0009532
oxmt1	GO:0031353
GRMZM2G113476	GO:0009536
GRMZM2G025031	GO:0009532
GRMZM2G016602	GO:0009536
GRMZM2G043602	GO:0009532
GRMZM2G071745	GO:0009526
GRMZM2G087254	GO:0009532
GRMZM2G028302	GO:0042651
GRMZM2G030240	GO:0009536
GRMZM2G098545	GO:0042646
GRMZM2G099891	GO:0009527
GRMZM2G059121	GO:0009532
GRMZM2G076017	GO:0042651
GRMZM2G092427	GO:0031361
GRMZM2G055318	GO:0098570
AC203966.5_FG004	GO:0031361
GRMZM2G025123	GO:0031361
GRMZM2G178775	GO:0031361
GRMZM2G080772	GO:0009536
GRMZM2G040618	GO:0009536
GRMZM2G156227	GO:0035450
AC233869.1_FG004	GO:0009532
GRMZM2G328309	GO:0042646
GRMZM2G448142	GO:0035451
GRMZM2G047968	GO:0009532
GRMZM2G149567	GO:0009532
GRMZM2G052893	GO:0009536
thi1	GO:0009532
ane1	GO:0009532
wx1	GO:0009536
pzb00942	GO:0009536
ssu2	GO:0009532
lhcb9	GO:0031361
rh3	GO:0042646
pza03459	GO:0009536
prh2	GO:0009532
GRMZM2G108643	GO:0009547
GRMZM2G071087	GO:0009532
GRMZM2G171444	GO:0009547
GRMZM2G010074	GO:0035450
GRMZM2G130085	GO:0035450
GRMZM2G124644	GO:0009536
GRMZM2G353444	GO:0009536
GRMZM2G030494	GO:0035450
GRMZM2G105570	GO:0009536
GRMZM2G029055	GO:0009532
GRMZM2G092481	GO:0009536
GRMZM2G114399	GO:0035450
GRMZM2G123838	GO:0031361
GRMZM2G046748	GO:0009532
GRMZM2G026015	GO:0031361
GRMZM2G117189	GO:0009536
GRMZM2G015727	GO:0009536
GRMZM2G117968	GO:0035450
GRMZM2G114354	GO:0009536
GRMZM2G116526	GO:0042646
GRMZM2G086242	GO:0031353
GRMZM2G059353	GO:0031353
mterf25	GO:0042646
GRMZM2G049349	GO:0031361
GRMZM2G159890	GO:0009532
GRMZM2G162800	GO:0009536
GRMZM2G137648	GO:0035451
GRMZM2G167156	GO:0009532
GRMZM2G327686	GO:0009536
hagtf30	GO:0009536
GRMZM2G007939	GO:0009536
GRMZM2G047720	GO:0031361
AC233850.1_FG006	GO:0009532
GRMZM2G085885	GO:0009536
GRMZM2G415117	GO:0009532
GRMZM2G537291	GO:0009532
GRMZM2G074114	GO:0009536
cmu1	GO:0009532
GRMZM2G124365	GO:0009532
GRMZM2G305007	GO:0010287
GRMZM2G076885	GO:0009532
GRMZM2G169160	GO:0009532
GRMZM2G055667	GO:0009532
GRMZM2G151440	GO:0009536
GRMZM2G176521	GO:0009536
GRMZM2G034243	GO:0009536
GRMZM2G041404	GO:0031361
GRMZM2G079668	GO:0009532
GRMZM2G044237	GO:0009532
GRMZM2G051952	GO:0009536
GRMZM2G137909	GO:0009536
GRMZM2G110236	GO:0031353
AC198169.4_FG004	GO:0042646
GRMZM2G081585	GO:0009536
GRMZM2G132777	GO:0009532
GRMZM2G091560	GO:0009532
GRMZM2G145500	GO:0031353
GRMZM2G328893	GO:0009532
GRMZM2G007453	GO:0009536
GRMZM2G176419	GO:0042646
GRMZM2G094526	GO:0042646
GRMZM2G096792	GO:0035451
GRMZM2G174107	GO:0031353
GRMZM2G096695	GO:0009536
GRMZM2G428964	GO:0009536
GRMZM2G103101	GO:0031361
GRMZM2G080355	GO:0031361
GRMZM2G323024	GO:0009536
GRMZM2G039711	GO:0009526
GRMZM2G070015	GO:0042646
GRMZM2G145895	GO:0009536
GRMZM2G180720	GO:0031353
GRMZM2G025882	GO:0035450
GRMZM2G080380	GO:0009532
GRMZM2G088138	GO:0009536
GRMZM2G353533	GO:0009532
GRMZM2G154648	GO:0009536
GRMZM2G081955	GO:0009536
GRMZM2G119906	GO:0042646
GRMZM2G122116	GO:0042646
GRMZM2G025329	GO:0042646
GRMZM2G095287	GO:0009532
AC234204.1_FG006	GO:0009536
GRMZM2G150791	GO:0009532
GRMZM2G066080	GO:0009532
GRMZM2G018238	GO:0009536
GRMZM2G038365	GO:0035450
GRMZM2G102349	GO:0031361
GRMZM2G120962	GO:0009536
GRMZM2G105827	GO:0042646
GRMZM2G117572	GO:0031361
GRMZM2G070605	GO:0031353
GRMZM2G161506	GO:0042646
GRMZM2G023591	GO:0009532
GRMZM2G092862	GO:0009532
GRMZM2G300801	GO:0009532
GRMZM2G069708	GO:0009536
GRMZM2G167766	GO:0042651
GRMZM2G170812	GO:0009532
GRMZM2G457782	GO:0009536
GRMZM2G003765	GO:0009532
GRMZM2G040300	GO:0009532
GRMZM2G030557	GO:0009536
GRMZM2G122126	GO:0009532
GRMZM2G012324	GO:0031361
GRMZM2G069726	GO:0009536
GRMZM2G150190	GO:0009532
GRMZM2G012479	GO:0009532
GRMZM2G144843	GO:0009536
GRMZM2G096370	GO:0009536
GRMZM2G036921	GO:0009532
GRMZM2G036829	GO:0009536
GRMZM2G145870	GO:0009532
GRMZM2G323719	GO:0009532
GRMZM2G044247	GO:0009532
GRMZM2G031761	GO:0009528
GRMZM2G120579	GO:0009532
GRMZM2G014832	GO:0009532
GRMZM2G010973	GO:0009536
psa1	GO:0009536
ris2	GO:0035450
gtr1	GO:0009532
hb26	GO:0035450
got5	GO:0009536
gpa1	GO:0009532
bf1	GO:0009532
pzb01009	GO:0009536
lls1	GO:0009528
mterf6	GO:0009536
pza03254	GO:0009536
pzb01301	GO:0009532
dxs1	GO:0009532
mterf19	GO:0009536
GRMZM2G083016	GO:0009532
GRMZM2G448389	GO:0035451
GRMZM2G180863	GO:0009536
GRMZM2G106061	GO:0009532
GRMZM2G377609	GO:0009532
GRMZM2G399284	GO:0009532
GRMZM2G113418	GO:0009532
GRMZM2G355940	GO:0009536
sig3	GO:0009536
GRMZM2G392649	GO:0009536
GRMZM2G025531	GO:0009532
GRMZM2G074401	GO:0031353
GRMZM2G047409	GO:0031361
GRMZM2G172230	GO:0009532
AC210517.3_FG003	GO:0009536
GRMZM2G360821	GO:0009532
GRMZM2G127546	GO:0009536
GRMZM2G074103	GO:0009536
GRMZM2G086648	GO:0009536
AC206761.3_FG002	GO:0042646
GRMZM2G053322	GO:0009532
GRMZM2G002220	GO:0009532
GRMZM2G025954	GO:0009532
GRMZM2G090271	GO:0009532
GRMZM2G161295	GO:0042651
GRMZM2G040672	GO:0009536
GRMZM2G047457	GO:0031353
GRMZM2G022866	GO:0042651
GRMZM2G091189	GO:0009532
GRMZM2G168817	GO:0031353
GRMZM2G176840	GO:0035450
GRMZM2G149535	GO:0009532
GRMZM2G003869	GO:0042646
GRMZM2G029698	GO:0042646
GRMZM2G124335	GO:0009536
GRMZM2G036590	GO:0009532
GRMZM2G165694	GO:0042646
GRMZM2G371795	GO:0031361
GRMZM2G028005	GO:0009527
GRMZM2G472382	GO:0009536
GRMZM2G006791	GO:0031361
GRMZM2G171501	GO:0009547
GRMZM2G315125	GO:0010287
GRMZM2G099907	GO:0009536
GRMZM2G044915	GO:0009532
GRMZM2G157157	GO:0031353
GRMZM2G009196	GO:0009536
GRMZM2G007907	GO:0031361
GRMZM2G107968	GO:0009532
GRMZM2G002642	GO:0009536
GRMZM2G004352	GO:0009536
GRMZM2G015419	GO:0009532
GRMZM2G154667	GO:0042651
GRMZM2G079256	GO:0009532
GRMZM2G120833	GO:0009532
GRMZM2G701201	GO:0031361
GRMZM2G158097	GO:0009536
GRMZM2G441888	GO:0035450
GRMZM2G047042	GO:0009527
v30	GO:0009532
pzb00869	GO:0009536
cip1	GO:0009532
fha9	GO:0009532
pyk3	GO:0009532
thic1	GO:0009532
GRMZM2G012340	GO:0009536
GRMZM2G325019	GO:0042646
GRMZM2G022090	GO:0009532
GRMZM2G156803	GO:0009536
GRMZM2G095147	GO:0009536
GRMZM2G397247	GO:0009532
GRMZM2G181258	GO:0009532
glu1	GO:0009536
GRMZM2G177970	GO:0009532
GRMZM2G153184	GO:0031361
GRMZM2G134398	GO:0042646
GRMZM2G069195	GO:0010287
GRMZM2G073312	GO:0009532
GRMZM2G165176	GO:0098570
GRMZM2G075958	GO:0009536
GRMZM2G546254	GO:0042646
GRMZM2G131332	GO:0042646
GRMZM2G019695	GO:0009527
GRMZM2G024607	GO:0009536
GRMZM2G413652	GO:0009532
GRMZM2G071673	GO:0009532
GRMZM2G454085	GO:0009547
GRMZM2G007630	GO:0009532
GRMZM2G154664	GO:0009532
GRMZM2G162968	GO:0009532
GRMZM2G071162	GO:0042646
GRMZM2G157269	GO:0009532
GRMZM2G048313	GO:0009532
elm2	GO:0009536
su4	GO:0009536
AC234575.1_FG003	GO:0009532
GRMZM2G013798	GO:0031361
GRMZM2G074857	GO:0009532
GRMZM2G004131	GO:0009532
GRMZM2G076263	GO:0009547
GRMZM2G124563	GO:0009527
GRMZM2G163193	GO:0031353
lhcb3	GO:0031361
GRMZM2G101617	GO:0035450
GRMZM2G177070	GO:0009536
GRMZM2G129080	GO:0009536
GRMZM2G373420	GO:0042651
GRMZM2G088847	GO:0009536
GRMZM2G132140	GO:0042646
GRMZM2G052546	GO:0009532
GRMZM2G053953	GO:0042646
GRMZM2G121200	GO:0009536
GRMZM2G133302	GO:0009536
GRMZM2G101900	GO:0009532
GRMZM2G139680	GO:0009532
GRMZM2G458824	GO:0009536
AC204921.4_FG011	GO:0009532
GRMZM2G348956	GO:0042646
GRMZM2G166424	GO:0009532
GRMZM2G119773	GO:0009532
GRMZM2G093643	GO:0009536
GRMZM2G090086	GO:0009536
GRMZM2G453438	GO:0009536
GRMZM2G004382	GO:0009532
GRMZM2G440208	GO:0009536
GRMZM2G312244	GO:0009536
GRMZM2G004222	GO:0009536
GRMZM2G085078	GO:0009532
GRMZM2G071288	GO:0009536
GRMZM2G372632	GO:0042646
GRMZM2G142413	GO:0042646
GRMZM2G043109	GO:0098570
GRMZM2G015033	GO:0009536
GRMZM2G058702	GO:0009536
GRMZM2G094072	GO:0042646
GRMZM2G434173	GO:0009532
GRMZM2G090241	GO:0009532
GRMZM2G153444	GO:0010287
GRMZM2G120302	GO:0009536
GRMZM2G311376	GO:0009536
AC206764.4_FG005	GO:0009532
GRMZM2G171887	GO:0031361
GRMZM2G152958	GO:0098570
GRMZM2G153476	GO:0009547
GRMZM2G412611	GO:0009532
GRMZM2G008714	GO:0009536
GRMZM2G349062	GO:0009536
GRMZM2G180983	GO:0010287
GRMZM2G320325	GO:0009532
GRMZM2G068316	GO:0031361
GRMZM2G393671	GO:0009532
GRMZM2G067908	GO:0009532
GRMZM2G480850	GO:0009532
AC199526.5_FG003	GO:0042646
GRMZM2G138258	GO:0031353
GRMZM2G078118	GO:0042651
GRMZM2G033493	GO:0009536
GRMZM2G077333	GO:0031361
GRMZM2G145595	GO:0098570
GRMZM2G015967	GO:0035450
GRMZM2G122793	GO:0009532
GRMZM2G304947	GO:0042651
GRMZM2G360021	GO:0009547
GRMZM2G088565	GO:0009536
GRMZM2G109244	GO:0042651
GRMZM2G077054	GO:0009532
GRMZM2G393515	GO:0009532
GRMZM2G110289	GO:0009536
GRMZM2G018929	GO:0042646
GRMZM2G128987	GO:0009532
GRMZM2G035338	GO:0009536
GRMZM2G123922	GO:0009532
GRMZM2G427404	GO:0009547
GRMZM2G018786	GO:0009532
GRMZM2G082185	GO:0009532
GRMZM2G039723	GO:0009532
GRMZM2G136712	GO:0009532
GRMZM2G169699	GO:0009532
GRMZM2G389233	GO:0009532
GRMZM2G321767	GO:0009532
GRMZM2G068715	GO:0009532
GRMZM2G052479	GO:0009532
GRMZM2G063271	GO:0035451
AC202439.3_FG003	GO:0009532
nbp1	GO:0009532
sig2B	GO:0009536
ans1	GO:0009532
wtf1	GO:0009532
zds1	GO:0009536
dct2	GO:0031353
prk1	GO:0009532
GRMZM2G162233	GO:0031361
GRMZM2G000256	GO:0035450
pza01883	GO:0009527
GRMZM2G113093	GO:0009532
GRMZM2G330095	GO:0009547
GRMZM2G113340	GO:0009536
AC234157.1_FG002	GO:0009547
GRMZM2G118646	GO:0035450
GRMZM2G022625	GO:0009536
AC212873.3_FG002	GO:0042651
GRMZM2G003246	GO:0009532
GRMZM2G123719	GO:0009532
GRMZM2G089075	GO:0009536
AC208915.3_FG010	GO:0031361
GRMZM2G165655	GO:0009532
GRMZM2G125304	GO:0009536
GRMZM2G124313	GO:0009536
GRMZM2G009323	GO:0009532
GRMZM2G313351	GO:0042646
GRMZM2G010389	GO:0009536
GRMZM2G118005	GO:0009547
glu2	GO:0009536
vp5	GO:0009536
GRMZM2G052935	GO:0009532
GRMZM2G107089	GO:0009532
GRMZM2G019838	GO:0009536
AC205564.3_FG001	GO:0042646
GRMZM2G011373	GO:0009536
GRMZM2G059191	GO:0035451
GRMZM2G081077	GO:0009536
GRMZM2G372297	GO:0009536
GRMZM2G129804	GO:0009532
GRMZM2G096391	GO:0042651
GRMZM2G343636	GO:0009532
GRMZM2G076075	GO:0009532
GRMZM2G127361	GO:0009532
GRMZM2G402092	GO:0009536
GRMZM2G171871	GO:0010287
GRMZM2G164562	GO:0009536
GRMZM2G474534	GO:0009547
GRMZM2G475128	GO:0009547
GRMZM2G055507	GO:0009532
GRMZM2G302195	GO:0009536
GRMZM2G057281	GO:0031361
GRMZM2G032253	GO:0042651
GRMZM2G149580	GO:0009532
AC205536.3_FG003	GO:0042651
GRMZM2G437977	GO:0009536
GRMZM2G351023	GO:0009532
GRMZM2G099529	GO:0009532
GRMZM2G016084	GO:0009532
GRMZM2G070422	GO:0009532
GRMZM2G177224	GO:0009532
GRMZM2G112640	GO:0009526
GRMZM2G362949	GO:0009536
GRMZM2G105542	GO:0042646
GRMZM2G096962	GO:0009547
GRMZM2G339699	GO:0009536
GRMZM2G016677	GO:0035450
GRMZM2G080816	GO:0042651
GRMZM2G377115	GO:0010287
GRMZM2G036290	GO:0009532
GRMZM2G395728	GO:0035451
GRMZM2G081112	GO:0009532
GRMZM2G464328	GO:0009536
GRMZM2G135892	GO:0042651
GRMZM2G143646	GO:0042646
GRMZM2G436710	GO:0035450
GRMZM2G073774	GO:0098570
GRMZM2G038833	GO:0009547
GRMZM2G133121	GO:0009536
GRMZM2G306732	GO:0009532
GRMZM2G136889	GO:0009536
GRMZM2G130121	GO:0009532
GRMZM2G141636	GO:0009536
GRMZM2G013342	GO:0035451
GRMZM2G043291	GO:0009532
GRMZM2G082034	GO:0009536
GRMZM2G002879	GO:0009532
GRMZM2G117558	GO:0042651
GRMZM2G162845	GO:0009532
GRMZM2G025322	GO:0009532
oy1	GO:0009536
emb18	GO:0009547
GRMZM2G113325	GO:0009536
GRMZM2G178192	GO:0009532
GRMZM2G118827	GO:0009532
GRMZM2G047592	GO:0009532
GRMZM2G155753	GO:0035450
GRMZM2G445057	GO:0009536
GRMZM2G095826	GO:0009532
GRMZM2G060349	GO:0042646
GRMZM2G060451	GO:0009528
GRMZM2G008892	GO:0009536
GRMZM2G050485	GO:0009536
GRMZM2G399212	GO:0042646
GRMZM2G022192	GO:0009532
GRMZM2G086788	GO:0009547
GRMZM2G051697	GO:0009536
GRMZM2G153363	GO:0031361
GRMZM2G319150	GO:0035451
GRMZM2G388855	GO:0009536
GRMZM2G076631	GO:0009536
GRMZM2G133359	GO:0009536
GRMZM2G079759	GO:0042651
GRMZM2G036861	GO:0009536
GRMZM2G034453	GO:0042646
GRMZM2G168412	GO:0009536
GRMZM2G141289	GO:0009532
GRMZM2G009320	GO:0009532
GRMZM2G043453	GO:0009536
GRMZM2G358009	GO:0009532
GRMZM2G341031	GO:0009532
GRMZM2G116258	GO:0009532
GRMZM2G106931	GO:0009536
GRMZM2G164714	GO:0009536
GRMZM2G077258	GO:0009536
AC207652.3_FG003	GO:0009532
GRMZM2G022876	GO:0035450
GRMZM2G136680	GO:0009536
GRMZM2G164965	GO:0009547
GRMZM2G080722	GO:0009532
GRMZM2G329040	GO:0009532
AC233922.1_FG005	GO:0009532
GRMZM2G056116	GO:0042646
GRMZM2G142740	GO:0042646
GRMZM2G162663	GO:0009532
GRMZM2G111511	GO:0009526
GRMZM2G043500	GO:0031361
GRMZM2G095333	GO:0035450
GRMZM2G117300	GO:0009532
GRMZM2G161668	GO:0009536
GRMZM2G077662	GO:0009536
GRMZM2G011479	GO:0009536
GRMZM2G026614	GO:0009532
GRMZM2G154463	GO:0009536
GRMZM2G138995	GO:0009528
GRMZM2G109967	GO:0009536
GRMZM2G092311	GO:0031361
GRMZM2G168143	GO:0035451
GRMZM2G085000	GO:0042651
GRMZM2G012876	GO:0009527
GRMZM2G055567	GO:0042646
GRMZM2G069106	GO:0009536
GRMZM2G020785	GO:0009536
GRMZM2G119249	GO:0009532
GRMZM2G084942	GO:0009536
GRMZM2G448344	GO:0009532
GRMZM2G144742	GO:0009536
GRMZM2G058250	GO:0009547
GRMZM2G024099	GO:0009536
GRMZM2G158024	GO:0009536
GRMZM2G103078	GO:0009536
GRMZM2G006229	GO:0009536
GRMZM2G025854	GO:0009532
GRMZM2G427564	GO:0009547
GRMZM2G078200	GO:0009532
GRMZM2G389118	GO:0009527
AC155624.2_FG011	GO:0009536
GRMZM2G077222	GO:0031353
GRMZM2G031721	GO:0042646
GRMZM2G007263	GO:0009532
GRMZM2G069092	GO:0009536
GRMZM2G140432	GO:0009532
AC213654.3_FG002	GO:0009532
GRMZM2G405584	GO:0035451
GRMZM2G060842	GO:0009536
GRMZM2G123234	GO:0009532
GRMZM2G081144	GO:0009532
GRMZM2G018441	GO:0009532
GRMZM2G041159	GO:0009532
GRMZM2G011507	GO:0009532
GRMZM2G024482	GO:0009532
GRMZM2G069569	GO:0042651
GRMZM2G063048	GO:0009536
GRMZM2G140782	GO:0042651
GRMZM2G010328	GO:0009532
GRMZM2G128432	GO:0009536
GRMZM2G163809	GO:0009532
GRMZM2G365160	GO:0009536
GRMZM2G162369	GO:0009547
GRMZM2G170008	GO:0009532
GRMZM2G447021	GO:0009532
GRMZM2G051276	GO:0009532
fha5	GO:0042651
agpsl1	GO:0009532
ss1	GO:0009532
ppr2	GO:0042646
cf1	GO:0009532
dxr1	GO:0009532
agpll1	GO:0009532
su1	GO:0009536
GRMZM2G001500	GO:0009532
GRMZM2G143480	GO:0009536
GRMZM2G159924	GO:0042646
GRMZM2G076946	GO:0009536
GRMZM2G102838	GO:0035450
GRMZM2G089147	GO:0009532
GRMZM2G046498	GO:0009536
GRMZM2G101271	GO:0009532
GRMZM2G073814	GO:0009532
GRMZM2G162261	GO:0009547
GRMZM2G335703	GO:0009536
GRMZM2G171006	GO:0009536
GRMZM2G084279	GO:0009532
GRMZM2G143870	GO:0035451
GRMZM2G063244	GO:0009532
GRMZM2G062738	GO:0009527
GRMZM2G018484	GO:0031353
GRMZM2G000219	GO:0009528
GRMZM2G122327	GO:0009536
GRMZM2G404043	GO:0042646
GRMZM2G353195	GO:0042646
ho2	GO:0009536
lyce1	GO:0009536
GRMZM2G081114	GO:0035451
GRMZM2G047404	GO:0031353
GRMZM2G319357	GO:0009532
GRMZM2G053019	GO:0031353
GRMZM2G143767	GO:0009532
GRMZM2G130651	GO:0009526
GRMZM2G112296	GO:0009536
GRMZM2G117786	GO:0009536
GRMZM2G052373	GO:0009536
GRMZM2G012863	GO:0009532
GRMZM2G108418	GO:0009536
GRMZM2G104632	GO:0005829
GRMZM2G104632	GO:0009536
GRMZM2G117642	GO:0009532
GRMZM2G033219	GO:0009536
ppr5	GO:0042646
GRMZM2G164835	GO:0042646
GRMZM2G078362	GO:0009536
GRMZM2G125575	GO:0031361
GRMZM2G057709	GO:0009532
GRMZM2G088921	GO:0009532
AC189750.4_FG004	GO:0009532
GRMZM2G106213	GO:0009532
GRMZM2G137849	GO:0031353
GRMZM2G380195	GO:0009532
GRMZM2G134256	GO:0009532
GRMZM2G077215	GO:0009536
GRMZM2G039982	GO:0009536
GRMZM2G089696	GO:0009536
GRMZM2G090872	GO:0009532
GRMZM2G160925	GO:0009532
GRMZM2G091419	GO:0042646
GRMZM2G012102	GO:0042651
GRMZM2G084783	GO:0009532
GRMZM2G158746	GO:0035451
GRMZM2G429493	GO:0009532
GRMZM2G011319	GO:0009536
GRMZM2G012119	GO:0009536
GRMZM2G080546	GO:0009532
GRMZM2G359070	GO:0009536
GRMZM2G119345	GO:0031353
GRMZM2G126580	GO:0009536
GRMZM2G145850	GO:0009532
GRMZM2G033885	GO:0031361
GRMZM2G160268	GO:0031361
GRMZM2G024738	GO:0009532
GRMZM2G070685	GO:0042651
GRMZM2G038791	GO:0009536
GRMZM2G110192	GO:0010287
GRMZM2G053726	GO:0009532
sxd1	GO:0010287
lox6	GO:0009536
csu173	GO:0009536
phm8909	GO:0031361
mdh6	GO:0009532
GRMZM2G446625	GO:0042651
GRMZM2G349274	GO:0031361
GRMZM2G077811	GO:0009536
GRMZM2G436199	GO:0009532
GRMZM2G122324	GO:0009532
GRMZM2G700683	GO:0009532
GRMZM2G080937	GO:0009536
GRMZM2G036534	GO:0098570
GRMZM2G059363	GO:0009532
GRMZM2G427557	GO:0031361
GRMZM2G311919	GO:0009532
GRMZM2G122843	GO:0031361
rnc1	GO:0009536
GRMZM2G031169	GO:0010287
GRMZM2G025648	GO:0042651
GRMZM2G078756	GO:0009532
AC217965.2_FG012	GO:0009536
AC203535.4_FG004	GO:0042651
GRMZM2G036455	GO:0035451
sbe3	GO:0009532
fnr2	GO:0009536
GRMZM2G058584	GO:0009532
GRMZM2G121612	GO:0009532
GRMZM2G109785	GO:0009532
AC205730.3_FG002	GO:0009536
gsr1	GO:0009532
rca1	GO:0009532
GRMZM2G048085	GO:0009532
GRMZM2G051129	GO:0009536
GRMZM2G027021	GO:0009536
GRMZM2G466780	GO:0042646
GRMZM2G126128	GO:0009532
GRMZM2G478212	GO:0031353
GRMZM2G062470	GO:0031353
GRMZM2G119583	GO:0009532
GRMZM2G052989	GO:0009532
GRMZM2G479000	GO:0009536
GRMZM2G012276	GO:0035450
orp1	GO:0009532
atp4	GO:0042646
GRMZM2G031057	GO:0042651
GRMZM2G161306	GO:0031361
GRMZM2G008643	GO:0042646
GRMZM2G151299	GO:0009536
GRMZM2G161868	GO:0009532
GRMZM2G360833	GO:0009532
GRMZM2G133400	GO:0009536
GRMZM2G050845	GO:0042646
GRMZM2G157156	GO:0035450
GRMZM2G169207	GO:0009532
AC233966.1_FG007	GO:0031353
GRMZM2G099367	GO:0042651
GRMZM2G090338	GO:0009532
GRMZM2G071450	GO:0035450
GRMZM2G110258	GO:0009532
GRMZM2G157007	GO:0009536
GRMZM2G046537	GO:0009536
GRMZM2G140809	GO:0009532
GRMZM2G319509	GO:0042646
GRMZM2G005260	GO:0009536
GRMZM2G172410	GO:0009536
GRMZM2G359038	GO:0031353
GRMZM2G016622	GO:0035451
GRMZM2G111677	GO:0009532
GRMZM2G367092	GO:0042651
GRMZM2G026656	GO:0009532
GRMZM2G463913	GO:0009547
GRMZM2G466743	GO:0031361
GRMZM2G027835	GO:0009532
GRMZM2G092739	GO:0042646
GRMZM2G128434	GO:0042646
GRMZM2G037644	GO:0009536
GRMZM2G319109	GO:0031353
GRMZM2G113205	GO:0009536
GRMZM2G153745	GO:0009536
GRMZM2G176216	GO:0035451
GRMZM2G004006	GO:0035450
GRMZM2G062044	GO:0031361
GRMZM2G158043	GO:0009536
GRMZM2G167521	GO:0009532
GRMZM2G148106	GO:0009532
AC209462.3_FG004	GO:0009547
AC213521.3_FG005	GO:0009532
GRMZM2G033198	GO:0035451
GRMZM2G025171	GO:0035451
GRMZM2G085301	GO:0031353
GRMZM2G028914	GO:0009536
GRMZM2G014376	GO:0009536
GRMZM2G016066	GO:0035451
GRMZM2G005298	GO:0009536
GRMZM2G176523	GO:0042646
GRMZM2G351125	GO:0009527
GRMZM2G122584	GO:0009532
GRMZM2G001750	GO:0009536
GRMZM2G094224	GO:0031361
GRMZM2G059449	GO:0042646
GRMZM2G175728	GO:0009532
GRMZM2G120619	GO:0031361
GRMZM2G307600	GO:0009536
GRMZM2G373341	GO:0009527
GRMZM2G042245	GO:0009536
rlsb1	GO:0042646
lw1	GO:0009532
phm9695	GO:0009532
csu1171	GO:0009532
pyk1	GO:0009532
ppr152	GO:0042646
rca2	GO:0009532
propep2	GO:0009532
mterf17	GO:0042646
cah1	GO:0009532
thx13	GO:0042646
thi2	GO:0009532
GRMZM2G040511	GO:0042646
GRMZM2G095865	GO:0042646
GRMZM2G068244	GO:0009532
GRMZM2G053236	GO:0009532
les22	GO:0009532
GRMZM2G414192	GO:0031361
GRMZM2G448161	GO:0009532
GRMZM2G377168	GO:0031361
ippi3	GO:0009536
crti1	GO:0009536
AC207466.3_FG003	GO:0009536
GRMZM2G371062	GO:0009532
GRMZM2G047954	GO:0035450
GRMZM2G139803	GO:0009532
GRMZM2G079353	GO:0009536
GRMZM2G176820	GO:0009547
GRMZM2G019901	GO:0042646
lhcb7	GO:0031361
GRMZM2G019958	GO:0009532
GRMZM2G092123	GO:0042646
AC233914.1_FG001	GO:0009536
GRMZM2G113401	GO:0009536
GRMZM2G383154	GO:0031361
GRMZM2G098423	GO:0009536
GRMZM2G088114	GO:0042646
AC198353.5_FG004	GO:0042646
GRMZM2G172032	GO:0009532
GRMZM2G088196	GO:0031353
GRMZM2G112425	GO:0009536
GRMZM2G110657	GO:0010287
GRMZM2G432390	GO:0009526
GRMZM2G052036	GO:0009532
GRMZM2G050842	GO:0031361
GRMZM2G097820	GO:0009536
GRMZM2G082260	GO:0009536
GRMZM2G088669	GO:0009532
GRMZM2G024073	GO:0009532
GRMZM2G111579	GO:0009532
AC215690.3_FG002	GO:0009532
GRMZM2G147450	GO:0009532
GRMZM2G127963	GO:0042646
GRMZM2G319062	GO:0009536
GRMZM2G030203	GO:0009547
GRMZM2G127623	GO:0009532
GRMZM2G131708	GO:0009536
GRMZM2G039345	GO:0009532
GRMZM2G057091	GO:0009536
GRMZM2G031780	GO:0010287
GRMZM2G154725	GO:0010287
GRMZM2G042516	GO:0009532
GRMZM2G148769	GO:0009532
GRMZM2G078894	GO:0009532
GRMZM2G165383	GO:0009536
GRMZM2G141273	GO:0009532
GRMZM2G143469	GO:0031361
GRMZM2G080724	GO:0009532
GRMZM2G149428	GO:0031361
GRMZM2G453388	GO:0009536
GRMZM2G072091	GO:0009532
GRMZM2G181192	GO:0009532
GRMZM2G085872	GO:0031353
GRMZM2G060011	GO:0009532
GRMZM2G127147	GO:0009532
GRMZM2G062142	GO:0009532
AC149810.2_FG004	GO:0009536
hcp101a	GO:0009536
psan1	GO:0035450
fer1	GO:0009532
AY106170	GO:0009532
GRMZM2G012397	GO:0031361
GRMZM2G081886	GO:0009532
GRMZM2G159777	GO:0031353
GRMZM2G063592	GO:0009532
mterf30	GO:0042646
GRMZM2G007647	GO:0009536
GRMZM2G014099	GO:0009536
GRMZM2G089136	GO:0009532
GRMZM2G078569	GO:0031353
GRMZM2G026371	GO:0042646
GRMZM2G021170	GO:0009532
GRMZM2G019358	GO:0009532
GRMZM2G125054	GO:0009536
GRMZM2G087598	GO:0031361
GRMZM2G026800	GO:0010287
GRMZM2G408357	GO:0009532
sig1	GO:0009536
GRMZM2G029573	GO:0009532
GRMZM2G077214	GO:0009532
GRMZM2G001905	GO:0009536
GRMZM2G074099	GO:0031353
GRMZM2G039089	GO:0009536
GRMZM2G161337	GO:0009532
GRMZM2G016774	GO:0009536
GRMZM2G074158	GO:0009532
GRMZM2G010349	GO:0031361
gln1	GO:0009532
GRMZM2G065194	GO:0042651
GRMZM2G180172	GO:0009536
GRMZM2G092632	GO:0009532
GRMZM2G098011	GO:0031353
GRMZM2G033894	GO:0098570
GRMZM2G136306	GO:0009536
GRMZM2G125850	GO:0031353
AC217121.3_FG006	GO:0042651
GRMZM2G149952	GO:0009532
GRMZM2G044422	GO:0042646
GRMZM2G180335	GO:0009528
GRMZM2G019807	GO:0031361
GRMZM2G086277	GO:0042646
GRMZM2G042879	GO:0042646
GRMZM2G043212	GO:0009547
GRMZM2G085646	GO:0031361
GRMZM2G130358	GO:0009547
GRMZM2G442804	GO:0010287
GRMZM2G315931	GO:0009528
GRMZM2G386525	GO:0009536
GRMZM2G122337	GO:0009532
GRMZM2G145496	GO:0009547
GRMZM2G016592	GO:0009532
GRMZM2G174440	GO:0031361
GRMZM2G352084	GO:0031361
GRMZM2G159554	GO:0009547
GRMZM2G013811	GO:0009532
GRMZM2G066290	GO:0009532
GRMZM2G124473	GO:0010287
GRMZM2G028369	GO:0009532
GRMZM2G010743	GO:0009526
GRMZM2G385622	GO:0035451
GRMZM2G418752	GO:0009532
GRMZM2G169516	GO:0009532
GRMZM2G150598	GO:0009532
GRMZM2G087590	GO:0035450
GRMZM2G172723	GO:0035450
GRMZM2G457621	GO:0009532
GRMZM2G064056	GO:0009532
AC185612.3_FG001	GO:0009536
GRMZM2G463640	GO:0031361
GRMZM2G008263	GO:0009532
GRMZM2G102959	GO:0009532
AC203761.3_FG002	GO:0042646
GRMZM2G162451	GO:0042651
GRMZM2G082169	GO:0035450
GRMZM2G136522	GO:0009532
GRMZM2G040968	GO:0009532
GRMZM2G048672	GO:0009536
GRMZM2G471904	GO:0035450
GRMZM2G050118	GO:0009536
GRMZM2G042027	GO:0031353
GRMZM2G021256	GO:0035450
GRMZM2G359127	GO:0009536
GRMZM2G378717	GO:0009536
GRMZM2G420436	GO:0031353
GRMZM2G158835	GO:0009532
GRMZM2G090722	GO:0009532
GRMZM2G169365	GO:0009532
GRMZM2G068665	GO:0009536
ptac12	GO:0042646
nii2	GO:0009532
w2	GO:0009536
bt1	GO:0031353
lhcb1	GO:0031361
fnr1	GO:0009536
elip1	GO:0031361
orp2	GO:0009532
crs4	GO:0042646
GRMZM2G086763	GO:0009536
GRMZM2G076768	GO:0009532
GRMZM2G060898	GO:0031361
GRMZM2G058070	GO:0035450
GRMZM2G138382	GO:0009532
GRMZM2G077632	GO:0009536
GRMZM2G312910	GO:0035451
GRMZM2G376930	GO:0009532
als1	GO:0009532
AC197672.3_FG002	GO:0009532
GRMZM2G164202	GO:0042646
GRMZM2G179941	GO:0009532
GRMZM2G010044	GO:0009532
GRMZM2G028640	GO:0009536
GRMZM2G127393	GO:0009532
GRMZM2G117412	GO:0031361
GRMZM2G050570	GO:0009532
GRMZM2G106164	GO:0009532
GRMZM2G011213	GO:0009536
GRMZM2G125052	GO:0009532
GRMZM2G067514	GO:0009536
GRMZM2G130064	GO:0009527
GRMZM2G035063	GO:0009532
GRMZM2G147819	GO:0009536
GRMZM2G305167	GO:0031361
GRMZM2G449496	GO:0042646
GRMZM2G436001	GO:0042646
GRMZM2G148709	GO:0009532
GRMZM2G078963	GO:0009532
GRMZM2G477236	GO:0031361
GRMZM2G144993	GO:0042651
AC207652.3_FG002	GO:0009532
GRMZM2G007372	GO:0042646
GRMZM2G081826	GO:0009536
GRMZM2G145890	GO:0035450
GRMZM2G007441	GO:0009532
GRMZM2G174669	GO:0009536
GRMZM2G168335	GO:0042646
GRMZM2G125844	GO:0042646
GRMZM2G180343	GO:0009532
GRMZM2G038338	GO:0009536
GRMZM2G108467	GO:0031361
GRMZM2G033208	GO:0009532
GRMZM2G166441	GO:0031353
GRMZM2G076006	GO:0009532
GRMZM2G484344	GO:0009536
GRMZM2G005526	GO:0009536
GRMZM2G012404	GO:0009532
GRMZM2G112895	GO:0009536
GRMZM2G001918	GO:0009527
GRMZM2G143917	GO:0042651
GRMZM2G017957	GO:0009547
GRMZM2G025078	GO:0009528
GRMZM2G062854	GO:0035451
GRMZM2G141241	GO:0009536
GRMZM2G087435	GO:0009536
GRMZM2G170595	GO:0009532
GRMZM2G175755	GO:0009547
GRMZM2G313101	GO:0009536
GRMZM2G117064	GO:0009527
GRMZM2G159250	GO:0009532
GRMZM2G055899	GO:0009532
AC234196.1_FG004	GO:0009532
AC209374.4_FG002	GO:0009532
GRMZM2G081653	GO:0009532
GRMZM2G092793	GO:0031353
GRMZM2G039996	GO:0031361
GRMZM2G016236	GO:0010287
GRMZM2G306898	GO:0009532
GRMZM2G071208	GO:0009532
GRMZM2G109814	GO:0009532
GRMZM2G078180	GO:0009536
GRMZM2G064356	GO:0009547
GRMZM2G039396	GO:0009536
GRMZM2G043636	GO:0009536
GRMZM2G102786	GO:0009528
GRMZM2G135498	GO:0009532
GRMZM2G060470	GO:0009532
hrbp1	GO:0010287
pza03723	GO:0031353
mterf4	GO:0042646
GRMZM2G329047	GO:0031361
GRMZM2G455085	GO:0009532
GRMZM2G060726	GO:0009532
GRMZM2G178958	GO:0009532
GRMZM2G172214	GO:0009532
GRMZM2G082998	GO:0009528
GRMZM2G181505	GO:0009532
GRMZM2G418206	GO:0042646
GRMZM2G080450	GO:0031353
GRMZM2G081188	GO:0009536
GRMZM2G145958	GO:0009536
GRMZM2G143392	GO:0042646
GRMZM2G015989	GO:0009532
GRMZM2G038494	GO:0009532
GRMZM2G121034	GO:0009536
oec33	GO:0035450
GRMZM2G027331	GO:0009532
AC234522.1_FG005	GO:0042651
GRMZM2G504401	GO:0009532
GRMZM2G072415	GO:0009526
GRMZM2G120517	GO:0031361
GRMZM2G030072	GO:0009532
GRMZM2G090576	GO:0009536
GRMZM2G111475	GO:0009532
GRMZM2G139462	GO:0009532
GRMZM2G421231	GO:0042646
GRMZM2G060070	GO:0042646
AC147602.5_FG003	GO:0009532
GRMZM2G132130	GO:0009536
GRMZM2G044744	GO:0009536
GRMZM2G035042	GO:0009536
GRMZM2G071304	GO:0042646
GRMZM2G068963	GO:0035450
GRMZM2G161245	GO:0009532
GRMZM2G000622	GO:0009536
GRMZM2G104608	GO:0009536
GRMZM2G007038	GO:0009532
GRMZM2G001084	GO:0009532
GRMZM2G044684	GO:0009532
GRMZM2G347956	GO:0009547
GRMZM2G444541	GO:0042651
GRMZM2G119852	GO:0009532
GRMZM2G035948	GO:0009532
GRMZM2G415431	GO:0009536
GRMZM2G014069	GO:0009532
GRMZM2G017419	GO:0009532
GRMZM2G148872	GO:0042651
GRMZM2G042683	GO:0009536
GRMZM2G136262	GO:0009532
AC207628.4_FG006	GO:0009536
GRMZM2G124321	GO:0042646
GRMZM2G158147	GO:0009532
GRMZM2G488101	GO:0035450
GRMZM2G156486	GO:0009532
GRMZM2G047695	GO:0009536
GRMZM2G170516	GO:0009536
AC212873.3_FG008	GO:0031361
GRMZM2G017290	GO:0031361
GRMZM2G179693	GO:0009532
GRMZM2G105518	GO:0031361
GRMZM2G161244	GO:0009532
GRMZM2G174984	GO:0031361
GRMZM2G084958	GO:0035451
GRMZM2G149534	GO:0009536
GRMZM2G087570	GO:0035450
GRMZM2G020446	GO:0009532
GRMZM2G082214	GO:0009532
GRMZM2G157458	GO:0009532
GRMZM2G158462	GO:0009532
GRMZM2G111965	GO:0042646
GRMZM2G130379	GO:0031361
GRMZM2G009048	GO:0035450
GRMZM2G057171	GO:0009532
GRMZM2G440537	GO:0042646
GRMZM2G170878	GO:0009547
GRMZM2G348873	GO:0035450
GRMZM2G029731	GO:0009536
GRMZM2G158228	GO:0009532
GRMZM2G087041	GO:0042651
GRMZM2G094978	GO:0009532
GRMZM2G354804	GO:0042651
aos2	GO:0010287
mterf1	GO:0009536
agp2	GO:0009532
cyp14	GO:0009536
ggps4	GO:0009532
elip2	GO:0031361
cah6	GO:0009532
GRMZM2G088397	GO:0009536
GRMZM2G106928	GO:0009532
GRMZM2G001551	GO:0009536
GRMZM2G109165	GO:0009547
GRMZM2G302233	GO:0009536
GRMZM2G093323	GO:0031353
GRMZM2G105539	GO:0009536
GRMZM2G064663	GO:0009536
GRMZM2G156630	GO:0009528
GRMZM2G358205	GO:0035451
GRMZM2G051004	GO:0009536
GRMZM2G150098	GO:0009536
GRMZM2G096153	GO:0009536
GRMZM2G141707	GO:0009536
GRMZM2G024626	GO:0009532
GRMZM2G177077	GO:0009532
GRMZM2G377855	GO:0031361
akh2	GO:0009532
psah1	GO:0031361
GRMZM2G127230	GO:0009532
GRMZM2G009070	GO:0042646
GRMZM2G004880	GO:0009532
GRMZM2G127609	GO:0009532
GRMZM2G140614	GO:0009532
GRMZM2G150337	GO:0035450
GRMZM2G152686	GO:0009532
GRMZM2G156472	GO:0042646
GRMZM2G161673	GO:0009536
GRMZM2G076950	GO:0009536
GRMZM2G460860	GO:0009536
GRMZM2G155323	GO:0009536
GRMZM2G143788	GO:0009536
GRMZM2G100043	GO:0042646
GRMZM2G103843	GO:0042646
GRMZM2G079452	GO:0009536
GRMZM2G155253	GO:0009532
tha4	GO:0031361
GRMZM2G121960	GO:0042646
GRMZM2G010884	GO:0031361
GRMZM2G169405	GO:0042651
GRMZM2G099045	GO:0009532
GRMZM2G018082	GO:0009536
GRMZM2G306104	GO:0009536
GRMZM2G001755	GO:0009532
GRMZM2G018403	GO:0009547
GRMZM2G040878	GO:0010287
GRMZM2G308907	GO:0009532
AC204517.3_FG002	GO:0009536
GRMZM2G090675	GO:0009532
GRMZM2G466543	GO:0009532
GRMZM2G099285	GO:0009536
AC215201.3_FG005	GO:0009532
GRMZM2G347766	GO:0035450
GRMZM2G130332	GO:0009532
GRMZM2G122811	GO:0009536
GRMZM2G301823	GO:0009532
GRMZM2G071996	GO:0009536
AC217300.3_FG005	GO:0009547
GRMZM2G076544	GO:0035450
GRMZM2G077015	GO:0009536
GRMZM2G087079	GO:0042651
GRMZM2G371670	GO:0009536
GRMZM2G052666	GO:0009532
GRMZM2G385635	GO:0009532
GRMZM2G152419	GO:0031353
AC207722.2_FG009	GO:0031361
GRMZM2G180612	GO:0009536
GRMZM2G335564	GO:0042651
GRMZM2G091811	GO:0042646
GRMZM2G093254	GO:0031361
GRMZM2G115156	GO:0009532
im30p1	GO:0009536
mterf8	GO:0009536
vde1	GO:0035450
lox11	GO:0009532
GRMZM2G105644	GO:0042651
GRMZM2G089365	GO:0010287
GRMZM2G098751	GO:0009532
GRMZM2G177937	GO:0009532
mterf9	GO:0042646
GRMZM2G349603	GO:0009536
GRMZM2G117609	GO:0009532
AC188838.3_FG005	GO:0009536
GRMZM2G113852	GO:0009536
GRMZM2G174554	GO:0009536
GRMZM2G072909	GO:0009536
GRMZM2G145962	GO:0009547
GRMZM2G142097	GO:0009547
GRMZM2G427531	GO:0031361
GRMZM2G475743	GO:0042646
GRMZM2G017045	GO:0035451
GRMZM2G132607	GO:0009532
cyp15	GO:0009536
vte4	GO:0009536
GRMZM2G122715	GO:0031361
GRMZM2G047513	GO:0009547
GRMZM2G005973	GO:0009547
GRMZM2G145805	GO:0009532
GRMZM2G315121	GO:0035450
GRMZM2G180418	GO:0042646
o5	GO:0009528
GRMZM2G448151	GO:0009547
GRMZM2G152105	GO:0009536
GRMZM2G166407	GO:0009536
GRMZM2G046186	GO:0009536
GRMZM2G141467	GO:0009532
GRMZM2G170532	GO:0009536
GRMZM2G029543	GO:0009532
GRMZM2G042592	GO:0009532
GRMZM2G170896	GO:0042646
me3	GO:0009532
